name,resolution,fps,yt_id
2pBxfMAIaXY,0x0,0,2pBxfMAIaXY
3PywNMDCvNQ,0x0,0,3PywNMDCvNQ
5Bfx6Wz3KKs,0x0,0,5Bfx6Wz3KKs
5X85zLeLmks,0x0,0,5X85zLeLmks
6fqDZHFr2yo,0x0,0,6fqDZHFr2yo
8WGrvkd6ZEU,0x0,0,8WGrvkd6ZEU
8YSDFKGwP4U,0x0,0,8YSDFKGwP4U
8jfPAvqYAs8,0x0,0,8jfPAvqYAs8
A0xAXXysHUo,0x0,0,A0xAXXysHUo
AZ4wWG6Rcak,0x0,0,AZ4wWG6Rcak
BLzs5opw8uM,0x0,0,BLzs5opw8uM
BQhX6F3gpp8,0x0,0,BQhX6F3gpp8
C5Yfd1IWjmM,0x0,0,C5Yfd1IWjmM
CUuRl0Bwbbc,0x0,0,CUuRl0Bwbbc
CkNz9ZIQmZI,0x0,0,CkNz9ZIQmZI
DG7upbhB1bI,0x0,0,DG7upbhB1bI
DTedv-hhHU4,0x0,0,DTedv-hhHU4
DyZ2qj6x1UE,0x0,0,DyZ2qj6x1UE
E-1hTCGUCts,0x0,0,E-1hTCGUCts
E3AHJ6-QS8M,0x0,0,E3AHJ6-QS8M
EFvDqOF1sCk,0x0,0,EFvDqOF1sCk
EKb2MMJSoeI,0x0,0,EKb2MMJSoeI
EizeIkrDtQk,0x0,0,EizeIkrDtQk
FEWTGYiWEaQ,0x0,0,FEWTGYiWEaQ
FNEeMvHmuEw,0x0,0,FNEeMvHmuEw
GCyW1jPfWdg,0x0,0,GCyW1jPfWdg
GEjRXo8Dvwc,0x0,0,GEjRXo8Dvwc
GF8D7Dx2mhs,0x0,0,GF8D7Dx2mhs
GbUQwE9N3aM,0x0,0,GbUQwE9N3aM
Gng3ezTNGog,0x0,0,Gng3ezTNGog
HubzmiNVVXs,0x0,0,HubzmiNVVXs
I1OMnMSk1Lg,0x0,0,I1OMnMSk1Lg
I749IS2IeFY,0x0,0,I749IS2IeFY
ICL5k84viw0,0x0,0,ICL5k84viw0
IP96HTdCvWs,0x0,0,IP96HTdCvWs
IWFgo-tEEs8,0x0,0,IWFgo-tEEs8
IZy40LwRdbM,0x0,0,IZy40LwRdbM
ItBRb9LB-VI,0x0,0,ItBRb9LB-VI
JHqcbeKepSg,0x0,0,JHqcbeKepSg
KDjuRG3-Xf0,0x0,0,KDjuRG3-Xf0
LHZAh32EoC8,0x0,0,LHZAh32EoC8
Lt0HnPxdzHw,0x0,0,Lt0HnPxdzHw
MDxIRDDWw1w,0x0,0,MDxIRDDWw1w
MVLZz2J6tcE,0x0,0,MVLZz2J6tcE
MoBr1cguTY4,0x0,0,MoBr1cguTY4
MyrqGZXxpsY,0x0,0,MyrqGZXxpsY
Ny0ZMOIyb9M,0x0,0,Ny0ZMOIyb9M
OIJe8fQw7Wo,0x0,0,OIJe8fQw7Wo
P31Ht3H76ok,0x0,0,P31Ht3H76ok
POZkrxioEus,0x0,0,POZkrxioEus
PaVNLvldLeI,0x0,0,PaVNLvldLeI
PgNRyuavbS4,0x0,0,PgNRyuavbS4
QCDks6aiWfs,0x0,0,QCDks6aiWfs
QUJRNcPXxY8,0x0,0,QUJRNcPXxY8
QUzsdG7jyj0,0x0,0,QUzsdG7jyj0
R5hsatlgi70,0x0,0,R5hsatlgi70
R9XUGR-VlTg,0x0,0,R9XUGR-VlTg
RLDjrhjikT4,0x0,0,RLDjrhjikT4
RjpOEHmTf7I,0x0,0,RjpOEHmTf7I
Ry5PFp-pRmA,0x0,0,Ry5PFp-pRmA
SmM5COoXqDA,0x0,0,SmM5COoXqDA
TBsWos4T4OE,0x0,0,TBsWos4T4OE
TCiufCzMtDs,0x0,0,TCiufCzMtDs
TILXmEWGxeI,0x0,0,TILXmEWGxeI
TXpgPT5Jdiw,0x0,0,TXpgPT5Jdiw
UcCTusldh6w,0x0,0,UcCTusldh6w
Uo7ubem-G9I,0x0,0,Uo7ubem-G9I
UyGu-WTodV0,0x0,0,UyGu-WTodV0
VWsVUnoyUoA,0x0,0,VWsVUnoyUoA
Vq-w0Jk7y7g,0x0,0,Vq-w0Jk7y7g
WCcSXjsCVMA,0x0,0,WCcSXjsCVMA
WGsCzfWF-4w,0x0,0,WGsCzfWF-4w
Wu1gxxpbF2o,0x0,0,Wu1gxxpbF2o
X4CY5MZwI9I,0x0,0,X4CY5MZwI9I
X4ajWw8L19s,0x0,0,X4ajWw8L19s
X6sggzI0mw8,0x0,0,X6sggzI0mw8
XL8N3BEWdho,0x0,0,XL8N3BEWdho
XZak6ktC90c,0x0,0,XZak6ktC90c
Xqra-PqzhD4,0x0,0,Xqra-PqzhD4
Xw1UvouxVLk,0x0,0,Xw1UvouxVLk
YUKvzPL5nok,0x0,0,YUKvzPL5nok
YesOPAkCA40,0x0,0,YesOPAkCA40
Z0bBRwAzKe0,0x0,0,Z0bBRwAzKe0
Z2T9B4qExzk,0x0,0,Z2T9B4qExzk
ZHpME-SbKdQ,0x0,0,ZHpME-SbKdQ
aEZbP-Yephw,0x0,0,aEZbP-Yephw
aN3PC4tJokk,0x0,0,aN3PC4tJokk
aN9hSsP6xTg,0x0,0,aN9hSsP6xTg
aQy3nHo3V0E,0x0,0,aQy3nHo3V0E
cSh74jSRht8,0x0,0,cSh74jSRht8
cWztehyIFkg,0x0,0,cWztehyIFkg
dqUNtY2GwW4,0x0,0,dqUNtY2GwW4
e3EsDlpNo0c,0x0,0,e3EsDlpNo0c
eH-ZgOT8ASM,0x0,0,eH-ZgOT8ASM
eallFwiLHwM,0x0,0,eallFwiLHwM
esQQbBhuXbM,0x0,0,esQQbBhuXbM
f-1FbFegbuQ,0x0,0,f-1FbFegbuQ
f6k7PBGgeb4,0x0,0,f6k7PBGgeb4
fDa0HpoXES4,0x0,0,fDa0HpoXES4
fH-VYYl9elA,0x0,0,fH-VYYl9elA
gDmmqalpisc,0x0,0,gDmmqalpisc
gMNCwgXtQIw,0x0,0,gMNCwgXtQIw
gRgndu5MZY4,0x0,0,gRgndu5MZY4
gYyLkUbGuUU,0x0,0,gYyLkUbGuUU
hMeTZBe6UBk,0x0,0,hMeTZBe6UBk
hibW8s4WQmQ,0x0,0,hibW8s4WQmQ
hmHwFuvodg0,0x0,0,hmHwFuvodg0
hp2PJMAJqyA,0x0,0,hp2PJMAJqyA
i87qMWsFbEI,0x0,0,i87qMWsFbEI
iSQqsVFkQAA,0x0,0,iSQqsVFkQAA
jABvTCCWinA,0x0,0,jABvTCCWinA
jR0OFsCYcD4,0x0,0,jR0OFsCYcD4
ji4smBYYANs,0x0,0,ji4smBYYANs
jz594oTnl-k,0x0,0,jz594oTnl-k
k8zhOvRBjGo,0x0,0,k8zhOvRBjGo
knIaoNcydck,0x0,0,knIaoNcydck
l-ctNiOuCBc,0x0,0,l-ctNiOuCBc
lrwiYiFGQZE,0x0,0,lrwiYiFGQZE
mI7pLIDnTiQ,0x0,0,mI7pLIDnTiQ
mQ59PLtU4QA,0x0,0,mQ59PLtU4QA
mgtMKd072Pg,0x0,0,mgtMKd072Pg
n9-yxVGYMRw,0x0,0,n9-yxVGYMRw
nEoD3t5O3Hg,0x0,0,nEoD3t5O3Hg
nSDRagdrJ-A,0x0,0,nSDRagdrJ-A
oShVYr-GRqw,0x0,0,oShVYr-GRqw
om-qKQXxnH4,0x0,0,om-qKQXxnH4
owZ2Fv4Li8M,0x0,0,owZ2Fv4Li8M
p42w02g4Ce4,0x0,0,p42w02g4Ce4
pDymfQS91xI,0x0,0,pDymfQS91xI
pEoWudMTZbY,0x0,0,pEoWudMTZbY
q3kjkmjtTBk,0x0,0,q3kjkmjtTBk
qBlozVQ7NOc,0x0,0,qBlozVQ7NOc
qGvIwgHzCH8,0x0,0,qGvIwgHzCH8
qfBalcxF8JY,0x0,0,qfBalcxF8JY
qfgrzomg0nc,0x0,0,qfgrzomg0nc
qzi2cKZCf94,0x0,0,qzi2cKZCf94
rrrgsW--AE8,0x0,0,rrrgsW--AE8
s7pyZPf6fKU,0x0,0,s7pyZPf6fKU
sEgELazFtxQ,0x0,0,sEgELazFtxQ
t7Xgg9bejOM,0x0,0,t7Xgg9bejOM
u6tU91r1Szo,0x0,0,u6tU91r1Szo
uDZVn-K4GE4,0x0,0,uDZVn-K4GE4
upaJ16I0zmQ,0x0,0,upaJ16I0zmQ
v3mISBmwrUM,0x0,0,v3mISBmwrUM
vMn2UWFmMDY,0x0,0,vMn2UWFmMDY
vY-jPM995Gk,0x0,0,vY-jPM995Gk
wWZry3-5sF0,0x0,0,wWZry3-5sF0
wWwc2BbO598,0x0,0,wWwc2BbO598
wYbfwx93VXk,0x0,0,wYbfwx93VXk
wmOIRMcB93U,0x0,0,wmOIRMcB93U
wolPuHKrX9o,0x0,0,wolPuHKrX9o
x1owr0LEc3M,0x0,0,x1owr0LEc3M
xHBUIt-airA,0x0,0,xHBUIt-airA
yIDi18JlgsQ,0x0,0,yIDi18JlgsQ
yNlBac0ZMJg,0x0,0,yNlBac0ZMJg
yXGu3dfnhck,0x0,0,yXGu3dfnhck
yj0pNXcTK0k,0x0,0,yj0pNXcTK0k
yvZPHJu3kb0,0x0,0,yvZPHJu3kb0
yz-uNJgIhk4,0x0,0,yz-uNJgIhk4
zLXhBdIX7lE,0x0,0,zLXhBdIX7lE
zNL3kn3UBmg,0x0,0,zNL3kn3UBmg
zfqS-wCJSsw,0x0,0,zfqS-wCJSsw
0LtLS9wROrk,0x0,0,0LtLS9wROrk
0MtilFKz4cA,0x0,0,0MtilFKz4cA
0jqn1vxdhls,0x0,0,0jqn1vxdhls
1Fdwuy2V9EY,0x0,0,1Fdwuy2V9EY
1JsRXIoR3C0,0x0,0,1JsRXIoR3C0
1rkcLEAMTpw,0x0,0,1rkcLEAMTpw
1sPWceVH4e8,0x0,0,1sPWceVH4e8
26Y8BsNiiL8,0x0,0,26Y8BsNiiL8
2AGztyrY25g,0x0,0,2AGztyrY25g
2Qw1e4-nWrk,0x0,0,2Qw1e4-nWrk
2giTb7IpJDU,0x0,0,2giTb7IpJDU
3hD6S3NFaUU,0x0,0,3hD6S3NFaUU
4kG0jbeQ70g,0x0,0,4kG0jbeQ70g
5cuxEEKyth8,0x0,0,5cuxEEKyth8
9Mtbac7g15I,0x0,0,9Mtbac7g15I
4mzbybgzoJo,0x0,0,4mzbybgzoJo
8N3CBVAft40,0x0,0,8N3CBVAft40
8tdGvTDHmzc,0x0,0,8tdGvTDHmzc
bCDJ9CUBvqs,0x0,0,bCDJ9CUBvqs
